id,canonical_name_vi,food_group_id,default_unit,calories_kcal_100g,protein_g_100g,carb_g_100g,fat_g_100g,fiber_g_100g,sugar_g_100g,sodium_mg_100g
101,Gạo trắng (cơm chín),6,g,130,2.7,28.2,0.3,0.4,0.1,1
102,Gạo lứt (cơm chín),6,g,111,2.6,23.0,0.9,1.8,0.4,2
103,Khoai lang luộc,6,g,86,1.6,20.1,0.1,3.0,4.2,55
104,Bún tươi,6,g,110,1.7,25.7,0.1,0.2,0.1,22
105,Yến mạch chín,6,g,71,2.5,12.0,1.5,1.7,0.5,49
106,Bánh mì phở/ổ,6,g,265,9.0,49.0,3.2,2.7,5.0,490
201,Ức gà (không da),1,g,165,31.0,0.0,3.6,0.0,0.0,74
202,Thịt lợn nạc (thăn),1,g,143,26.0,0.0,3.5,0.0,0.0,57
203,Thịt bò nạc,1,g,250,26.0,0.0,15.0,0.0,0.0,72
204,Trứng gà,3,quả,155,12.6,1.1,10.6,0.0,0.6,124
205,Thịt lợn ba chỉ,1,g,518,9.3,0.0,53.0,0.0,0.0,32
301,Cá rô phi,2,g,128,26.0,0.0,2.7,0.0,0.0,56
302,Tôm đồng/tôm sú,2,g,99,24.0,0.2,0.3,0.0,0.0,111
303,Cá hồi,2,g,208,20.0,0.0,13.0,0.0,0.0,59
304,Cá thu,2,g,205,19.0,0.0,14.0,0.0,0.0,90
401,Rau muống,5,g,19,3.2,2.1,0.4,1.0,0.3,113
402,Bông cải xanh (Súp lơ),5,g,34,2.8,6.6,0.4,2.6,1.7,33
403,Cà rốt,5,g,41,0.9,9.6,0.2,2.8,4.7,69
404,Đậu phụ (Tàu hũ),7,g,76,8.0,1.9,4.8,0.3,0.4,7
405,Bắp cải,5,g,25,1.3,5.8,0.1,2.5,3.2,18
406,Cà chua,5,g,18,0.9,3.9,0.2,1.2,2.6,5
501,Dầu thực vật/dầu ăn,9,ml,884,0.0,0.0,100.0,0.0,0.0,0
502,Chuối chín,8,quả,89,1.1,22.8,0.3,2.6,12.2,1
503,Trà sữa trân châu (đường chuẩn),10,ly,90,0.6,16.0,2.5,0.2,14.0,35
