food_id,price_min,price_median,price_max,sample_count,estimated_price_per_100g
101,2900.0,3050.0,3200.0,2,3050.0
102,3800.0,4000.0,4200.0,2,4000.0
103,2800.0,2900.0,3000.0,2,2900.0
104,2200.0,2300.0,2400.0,2,2300.0
105,8400.0,8700.0,9000.0,2,8700.0
106,4000.0,4909.090909090909,5818.181818181818,2,4909.090909090909
201,8400.0,9000.0,9600.0,3,9000.0
202,13500.0,14500.0,15500.0,2,14500.0
203,31666.666666666668,31666.666666666668,31666.666666666668,1,31666.666666666668
204,4750.0,4958.333333333333,5166.666666666666,2,4958.333333333333
205,15000.0,16500.0,18000.0,2,16500.0
301,5500.0,5500.0,5500.0,1,5500.0
302,19600.0,19600.0,19600.0,1,19600.0
303,55000.0,55500.0,56000.0,2,55500.0
304,23000.0,23500.0,24000.0,2,23500.0
401,3000.0,3000.0,3000.0,1,3000.0
402,4800.0,4800.0,4800.0,1,4800.0
403,2200.0,2500.0,2800.0,2,2500.0
404,4000.0,4000.0,4000.0,1,4000.0
405,1600.0,1700.0,1800.0,2,1700.0
406,2400.0,2600.0,2800.0,2,2600.0
501,5800.0,5800.0,5800.0,1,5800.0
502,2500.0,2500.0,2500.0,1,2500.0
503,9000.0,9000.0,9000.0,1,9000.0
